X,Y,X,Y,NRO,RAMO_O_C,TIPO,DATOS,IMAGEN,NROCOMP,CANAL,CODIGOCOMP,RAMO,CALLE,CANAL_PPAL,OBSERVACIO,icon_url
-68.362386,-31.786696,"2560466","6483800","0",Desde Canal 3ra. Seccion,,,e:\hidraulica\compuertas-ramos\25 de mayo\tercera seccion\000_0097.gif,,,"0",,Calle 8,Canal 3ra. Seccion,Toma desde Canal Tercera Seccion,
-68.348992,-31.789018,"2561749","6483525","0",Desde Canal 3ra. Seccion,,,e:\hidraulica\compuertas-ramos\25 de mayo\tercera seccion\000_0100.gif,,,"0",,Calle 8,Canal 3ra. Seccion,,
-68.342221,-31.790201,"2562387","6483395","0",Desde Canal 3ra. Seccion,,,e:\hidraulica\compuertas-ramos\25 de mayo\tercera seccion\000_0101.gif,,,"0",,Calle 8,Canal 3ra. Seccion,,
-68.335769,-31.791274,"2562989","6483263","0",Desde Canal 3ra. Seccion,,,e:\hidraulica\compuertas-ramos\25 de mayo\tercera seccion\000_0102.gif,,,"0",,Calle 8,Canal 3ra. Seccion,,
-68.32248,-31.793569,"2564258","6483004","0",Desde Canal 3ra. Seccion,,,e:\hidraulica\compuertas-ramos\25 de mayo\tercera seccion\000_0103.gif,,,"0",,Calle 8,Canal 3ra. Seccion,Inicio Ramo Calle 19,
-68.315742,-31.794716,"2564887","6482868","0",Desde Canal 3ra. Seccion,,,e:\hidraulica\compuertas-ramos\25 de mayo\tercera seccion\000_0104.gif,,,"0",,Calle 8,Canal 3ra. Seccion,,
-68.309196,-31.795841,"2565503","6482742","0",Desde Canal 3ra. Seccion,,,e:\hidraulica\compuertas-ramos\25 de mayo\tercera seccion\000_0105.gif,,,"0",,Calle 8,Canal 3ra. Seccion,Inicio Ramo Calle 22,
-68.296509,-31.798007,"2566735","6482478","0",Desde Canal 3ra. Seccion,,,e:\hidraulica\compuertas-ramos\25 de mayo\tercera seccion\000_0107.gif,,,"0",,Calle 8,Canal 3ra. Seccion,Descargador al Dren Calle 21,
-68.282281,-31.800432,"2568021","6482216","0",Desde Canal 3ra. Seccion,,,e:\hidraulica\compuertas-ramos\25 de mayo\tercera seccion\000_0109.gif,,,"0",,Calle 8,Canal 3ra. Seccion,,
-68.282291,-31.800432,"2568020","6482216","0",Desde Canal 3ra. Seccion,,,e:\hidraulica\compuertas-ramos\25 de mayo\tercera seccion\000_0110.gif,,,"0",,Calle 8,Canal 3ra. Seccion,Fin Canal 3 era Seccion,
-68.351696,-31.741428,"2561502","6488822","0",Desde Canal Gral. 25 de Mayo,,,e:\hidraulica\compuertas-ramos\25 de mayo\canal gral. 25 de mayo\000_0291.gif,,"58","0",,Calle 4,Canal Gral. 25 de M,Toma sobre Canal General Primera Seccion,
-68.351411,-31.741495,"2561523","6488809","0",Desde Canal 2da. Seccion,,,e:\hidraulica\compuertas-ramos\25 de mayo\segunda seccion\000_0095.gif,,,"0",,Calle 4,Canal 2da. Seccion,,
-68.345207,-31.742591,"2562136","6488676","0",Desde Canal 2da. Seccion,,,e:\hidraulica\compuertas-ramos\25 de mayo\segunda seccion\000_0094.gif,,,"0",,Calle 4,Canal 2da. Seccion,,
-68.339332,-31.74357,"2562692","6488564","0",Desde Canal 2da. Seccion,,,e:\hidraulica\compuertas-ramos\25 de mayo\segunda seccion\000_0093.gif,,,"0",,Calle 4,Canal 2da. Seccion,,
-68.338371,-31.74371,"2562783","6488548","0",Desde Canal 2da. Seccion,,,e:\hidraulica\compuertas-ramos\25 de mayo\segunda seccion\000_0092.gif,,,"0",,Calle 4,Canal 2da. Seccion,Inicio Ramo Calle 17,
-68.335549,-31.744263,"2563050","6488485","0",Desde Canal 2da. Seccion,,,e:\hidraulica\compuertas-ramos\25 de mayo\segunda seccion\000_0091.gif,,,"0",,Calle 4,Canal 2da. Seccion,,
-68.3251,-31.745985,"2564039","6488288","0",Desde Canal 2da. Seccion,,,e:\hidraulica\compuertas-ramos\25 de mayo\segunda seccion\000_0090.gif,,,"0",,Calle 4,Canal 2da. Seccion,,
-68.324264,-31.746269,"2564118","6488256","0",Desde Canal 2da. Seccion,,,e:\hidraulica\compuertas-ramos\25 de mayo\segunda seccion\000_0089.gif,,,"0",,Calle 4,Canal 2da. Seccion,,
-68.319583,-31.746984,"2564561","6488174","0",Desde Canal 2da. Seccion,,,e:\hidraulica\compuertas-ramos\25 de mayo\segunda seccion\000_0088.gif,,,"0",,Calle 4,Canal 2da. Seccion,Abastece a OSSE,
-68.311589,-31.748345,"2565336","6488014","0",Desde Canal 2da. Seccion,,,e:\hidraulica\compuertas-ramos\25 de mayo\segunda seccion\000_0153.jpg,,,"0",,Calle 4,Canal 2da. Seccion,Manguera,
-68.311388,-31.748421,"2565452","6487998","0",Desde Canal 2da. Seccion,,,e:\hidraulica\compuertas-ramos\25 de mayo\segunda seccion\000_0087.gif,,,"0",,Calle 4,Canal 2da. Seccion,,
-68.304293,-31.749598,"2566008","6487875","0",Desde Canal 2da. Seccion,,,e:\hidraulica\compuertas-ramos\25 de mayo\segunda seccion\000_0085.gif,,,"0",,Calle 4,Canal 2da. Seccion,,
-68.298512,-31.750603,"2566555","6487760","0",Desde Canal 2da. Seccion,,,e:\hidraulica\compuertas-ramos\25 de mayo\segunda seccion\000_0084.gif,,,"0",,Calle 4,Canal 2da. Seccion,,
-68.289498,-31.752113,"2567408","6487587","0",Desde Canal 2da. Seccion,,,e:\hidraulica\compuertas-ramos\25 de mayo\segunda seccion\000_0156.gif,,,"0",,Calle 4,Canal 2da. Seccion,,
-68.285377,-31.752866,"2567798","6487501","0",Desde Canal 2da. Seccion,,,e:\hidraulica\compuertas-ramos\25 de mayo\segunda seccion\000_0082.gif,,,"0",,Calle 4,Canal 2da. Seccion,Descargador al Dren Calle 21,
-68.285366,-31.752848,"2567799","6487503","0",Desde Canal 2da. Seccion,,,e:\hidraulica\compuertas-ramos\25 de mayo\segunda seccion\000_0081.gif,,,"0",,Calle 4,Canal 2da. Seccion,Inicio Ramo Calle 21,
-68.279543,-31.753852,"2568350","6487388","0",Desde Canal 2da. Seccion,,,e:\hidraulica\compuertas-ramos\25 de mayo\segunda seccion\000_0079.gif,,,"0",,Calle 4,Canal 2da. Seccion,,
-68.272145,-31.755164,"2569050","6487246","0",Desde Canal 2da. Seccion,,,e:\hidraulica\compuertas-ramos\25 de mayo\segunda seccion\000_0160.gif,,,"0",,Calle 4,Canal 2da. Seccion,Descargador al Dren Calle 22,
-68.264525,-31.756426,"2569771","6487093","0",Desde Canal 2da. Seccion,,,e:\hidraulica\compuertas-ramos\25 de mayo\segunda seccion\000_0162.gif,,,"0",,Calle 4,Canal 2da. Seccion,Compuerta Frente a Bga.,
-68.258255,-31.757577,"2570337","6486991","0",Desde Canal 2da. Seccion,,,e:\hidraulica\compuertas-ramos\25 de mayo\segunda seccion\000_0075.gif,,,"0",,Calle 4,Canal 2da. Seccion,Inicio Ramo Calle 23,
-68.251947,-31.758642,"2570961","6486854","0",Desde Canal 2da. Seccion,,,e:\hidraulica\compuertas-ramos\25 de mayo\segunda seccion\000_0166.gif,,,"0",,Calle 4,Canal 2da. Seccion,,
-68.245372,-31.759784,"2571588","6486728","0",Desde Canal 2da. Seccion,,,e:\hidraulica\compuertas-ramos\25 de mayo\segunda seccion\000_0168.gif,,,"0",,Calle 4,Canal 2da. Seccion,,
-68.236085,-31.76144,"2572007","6486647","0",Desde Canal 2da. Seccion,,,e:\hidraulica\compuertas-ramos\25 de mayo\segunda seccion\000_0169.gif,,,"0",,Calle 4,Canal 2da. Seccion,,
-68.235945,-31.761279,"2572013","6486645","0",Desde Canal 2da. Seccion,,,e:\hidraulica\compuertas-ramos\25 de mayo\segunda seccion\000_0171.gif,,,"0",,Calle 4,Canal 2da. Seccion,,
-68.336358,-31.696459,"2563008","6493782","0",Desde Canal 1ra. Seccion,,,e:\hidraulica\compuertas-ramos\25 de mayo\primera seccion\000_0056.gif,,,"0",,Calle Divisoria,Canal 1ra. Seccion,,
-68.327438,-31.698006,"2563850","6493625","0",Desde Canal 1ra. Seccion,,,e:\hidraulica\compuertas-ramos\25 de mayo\primera seccion\000_0057.gif,,,"0",,Calle Divisoria,Canal 1ra. Seccion,Inicio Ramo Calle 17,
-68.317735,-31.69961,"2564769","6493426","0",Desde Canal 1ra. Seccion,,,e:\hidraulica\compuertas-ramos\25 de mayo\primera seccion\000_0059.gif,,,"0",,Calle Divisoria,Canal 1ra. Seccion,,
-68.314167,-31.700289,"2565096","6493354","0",Desde Canal 1ra. Seccion,,,e:\hidraulica\compuertas-ramos\25 de mayo\primera seccion\000_0060.gif,,,"0",,Calle Divisoria,Canal 1ra. Seccion,Inicio Ramo Calle 18,
-68.307184,-31.701429,"2565768","6493218","0",Desde Canal 1ra. Seccion,,,e:\hidraulica\compuertas-ramos\25 de mayo\primera seccion\000_0061.gif,,,"0",,Calle Divisoria,Canal 1ra. Seccion,,
-68.301617,-31.702493,"2566312","6493104","0",Desde Canal 1ra. Seccion,,,e:\hidraulica\compuertas-ramos\25 de mayo\primera seccion\000_0062.gif,,,"0",,Calle Divisoria,Canal 1ra. Seccion,Inicio Ramos Calle 19 y 20,
-68.274302,-31.707141,"2568876","6492564","0",Desde Canal 1ra. Seccion,,,e:\hidraulica\compuertas-ramos\25 de mayo\primera seccion\000_0063.gif,,,"0",,Calle Divisoria,Canal 1ra. Seccion,Inicio Ramo Calle 21,
-68.267848,-31.708342,"2569492","6492427","0",Desde Canal 1ra. Seccion,,,e:\hidraulica\compuertas-ramos\25 de mayo\primera seccion\000_0064.gif,,,"0",,Calle Divisoria,Canal 1ra. Seccion,,
-68.260859,-31.709519,"2570128","6492293","0",Desde Canal 1ra. Seccion,,,e:\hidraulica\compuertas-ramos\25 de mayo\primera seccion\000_0065.gif,,,"0",,Calle Divisoria,Canal 1ra. Seccion,Inicio Ramo Calle 22,
-68.247836,-31.711769,"2571385","6492023","0",Desde Canal 1ra. Seccion,,,e:\hidraulica\compuertas-ramos\25 de mayo\primera seccion\000_0066.gif,,,"0",,Calle Divisoria,Canal 1ra. Seccion,Inicio Ramo Calle 23 - Fin de Canal,
-68.336442,-31.696344,"2562988","6493814","0",Desde Canal Gral. 25 de Mayo,,,e:\hidraulica\compuertas-ramos\25 de mayo\canal gral. 25 de mayo\000_0273.gif,,"58","0",,Calle 16,Canal Gral. 25 de M,,
-68.336472,-31.696439,"2562983","6493779","0",Desde Canal Gral. 25 de Mayo,,,e:\hidraulica\compuertas-ramos\25 de mayo\canal gral. 25 de mayo\000_0275.gif,,"58","0",,Calle 16,Canal Gral. 25 de M,,
-68.339434,-31.705093,"2562684","6492839","0",Desde Canal Gral. 25 de Mayo,,,e:\hidraulica\compuertas-ramos\25 de mayo\canal gral. 25 de mayo\000_0277.gif,,"58","0",,Calle 16,Canal Gral. 25 de M,,
-68.339708,-31.706082,"2562657","6492726","0",Desde Canal Gral. 25 de Mayo,,,e:\hidraulica\compuertas-ramos\25 de mayo\canal gral. 25 de mayo\000_0279.gif,,"58","0",,Calle 16,Canal Gral. 25 de M,,
-68.340176,-31.707308,"2562594","6492559","0",Desde Canal Gral. 25 de Mayo,,,e:\hidraulica\compuertas-ramos\25 de mayo\canal gral. 25 de mayo\000_0280.gif,,"58","0",,Calle 16,Canal Gral. 25 de M,,
-68.340228,-31.707535,"2562598","6492555","0",Desde Canal Gral. 25 de Mayo,,,e:\hidraulica\compuertas-ramos\25 de mayo\canal gral. 25 de mayo\000_0281.gif,,"58","0",,Calle 16,Canal Gral. 25 de M,,
-68.346382,-31.718462,"2562021","6491328","0",Desde Canal Gral. 25 de Mayo,,,e:\hidraulica\compuertas-ramos\25 de mayo\canal gral. 25 de mayo\000_0282.gif,,"58","0",,Calle 16,Canal Gral. 25 de M,,
-68.346373,-31.718358,"2562031","6491338","0",Desde Canal Gral. 25 de Mayo,,,e:\hidraulica\compuertas-ramos\25 de mayo\canal gral. 25 de mayo\000_0283.gif,,"58","0",,Calle 16,Canal Gral. 25 de M,,
-68.348709,-31.727638,"2561814","6490336","0",Desde Canal Gral. 25 de Mayo,,,e:\hidraulica\compuertas-ramos\25 de mayo\canal gral. 25 de mayo\000_0285.gif,,"58","0",,Calle 16,Canal Gral. 25 de M,,
-68.349083,-31.729955,"2561759","6490078","0",Desde Canal Gral. 25 de Mayo,,,e:\hidraulica\compuertas-ramos\25 de mayo\canal gral. 25 de mayo\000_0286.gif,,"58","0",,Calle 16,Canal Gral. 25 de M,,
-68.349068,-31.730029,"2561763","6490066","0",Desde Canal Gral. 25 de Mayo,,,e:\hidraulica\compuertas-ramos\25 de mayo\canal gral. 25 de mayo\000_0287.gif,,"58","0",,Calle 16,Canal Gral. 25 de M,,
-68.350054,-31.734318,"2561665","6489600","0",Desde Canal Gral. 25 de Mayo,,,e:\hidraulica\compuertas-ramos\25 de mayo\canal gral. 25 de mayo\000_0288.gif,,"58","0",,Calle 16,Canal Gral. 25 de M,,
-68.351198,-31.738455,"2561571","6489138","0",Desde Canal Gral. 25 de Mayo,,,e:\hidraulica\compuertas-ramos\25 de mayo\canal gral. 25 de mayo\000_0289.gif,,"58","0",,Calle 16,Canal Gral. 25 de M,,
-68.351636,-31.74109,"2561500","6488838","0",Desde Canal Gral. 25 de Mayo,,,e:\hidraulica\compuertas-ramos\25 de mayo\canal gral. 25 de mayo\000_0290.gif,,"58","0",,Calle 16,Canal Gral. 25 de M,,
-68.348709,-31.727638,"2561814","6490336","0",Desde Canal Gral. 25 de Mayo,,,e:\hidraulica\compuertas-ramos\25 de mayo\canal gral. 25 de mayo\000_0273.gif,,"58","0",,Calle 16,Canal Gral. 25 de M,,
-68.351198,-31.738455,"2561571","6489138","0",Desde Canal Gral. 25 de Mayo,,,e:\hidraulica\compuertas-ramos\25 de mayo\canal gral. 25 de mayo\000_0273.gif,,"58","0",,Calle 16,Canal Gral. 25 de M,,
-68.354493,-31.753084,"2561266","6487483","0",Desde Canal Gral. 25 de Mayo,,,e:\hidraulica\compuertas-ramos\25 de mayo\canal gral. 25 de mayo\000_0325.gif,,"58","0",,Calle 16,Canal Gral. 25 de M,,
-68.354469,-31.75282,"2561246","6487561","0",Desde Canal Gral. 25 de Mayo,,,e:\hidraulica\compuertas-ramos\25 de mayo\canal gral. 25 de mayo\000_0326.gif,,"58","0",,Calle 16,Canal Gral. 25 de M,,
-68.355915,-31.758337,"2561111","6486936","0",Desde Canal Gral. 25 de Mayo,,,e:\hidraulica\compuertas-ramos\25 de mayo\canal gral. 25 de mayo\000_0327.gif,,"58","0",,Calle 16,Canal Gral. 25 de M,,
-68.357092,-31.763658,"2560981","6486327","0",Desde Canal Gral. 25 de Mayo,,,e:\hidraulica\compuertas-ramos\25 de mayo\canal gral. 25 de mayo\000_0328.gif,,"58","0",,Calle 16,Canal Gral. 25 de M,,
-68.357068,-31.763795,"2560986","6486324","0",Desde Canal Gral. 25 de Mayo,,,e:\hidraulica\compuertas-ramos\25 de mayo\canal gral. 25 de mayo\000_0329.gif,,"58","0",,Calle 16,Canal Gral. 25 de M,,
-68.358774,-31.770761,"2560832","6485560","0",Desde Canal Gral. 25 de Mayo,,,e:\hidraulica\compuertas-ramos\25 de mayo\canal gral. 25 de mayo\000_0330.gif,,"58","0",,Calle 16,Canal Gral. 25 de M,,
-68.359925,-31.775276,"2560720","6485060","0",Desde Canal Gral. 25 de Mayo,,,e:\hidraulica\compuertas-ramos\25 de mayo\canal gral. 25 de mayo\000_0331.gif,,"58","0",,Calle 16,Canal Gral. 25 de M,,
-68.359871,-31.775402,"2560725","6485046","0",Desde Canal Gral. 25 de Mayo,,,e:\hidraulica\compuertas-ramos\25 de mayo\canal gral. 25 de mayo\000_0332.gif,,"58","0",,Calle 16,Canal Gral. 25 de M,,
-68.362572,-31.786426,"2560462","6483825","0",Desde Canal Gral. 25 de Mayo,,,e:\hidraulica\compuertas-ramos\25 de mayo\canal gral. 25 de mayo\000_0333.gif,,"58","0",,Calle 16,Canal Gral. 25 de M,,
-68.362651,-31.786737,"2560461","6483794","0",Desde Canal Gral. 25 de Mayo,,,e:\hidraulica\compuertas-ramos\25 de mayo\canal gral. 25 de mayo\000_0335.gif,,"58","0",,Calle 16,Canal Gral. 25 de M,,
-68.364172,-31.793243,"2560306","6483070","0",Desde Canal Gral. 25 de Mayo,,,e:\hidraulica\compuertas-ramos\25 de mayo\canal gral. 25 de mayo\000_0336.gif,,"58","0",,Calle 16,Canal Gral. 25 de M,,
-68.364842,-31.795772,"2560241","6482790","0",Desde Canal Gral. 25 de Mayo,,,e:\hidraulica\compuertas-ramos\25 de mayo\canal gral. 25 de mayo\000_0338.gif,,"58","0",,Calle 16,Canal Gral. 25 de M,,
-68.365277,-31.798046,"2560193","6482538","0",Desde Canal Gral. 25 de Mayo,,,e:\hidraulica\compuertas-ramos\25 de mayo\canal gral. 25 de mayo\000_0339.gif,,"58","0",,Calle 16,Canal Gral. 25 de M,,
-68.365258,-31.798114,"2560197","6482535","0",Desde Canal Gral. 25 de Mayo,,,e:\hidraulica\compuertas-ramos\25 de mayo\canal gral. 25 de mayo\000_0340.gif,,"58","0",,Calle 16,Canal Gral. 25 de M,,
-68.366162,-31.801929,"2560112","6482108","0",Desde Canal Gral. 25 de Mayo,,,e:\hidraulica\compuertas-ramos\25 de mayo\canal gral. 25 de mayo\000_0341.gif,,"58","0",,Calle 16,Canal Gral. 25 de M,,
-68.366579,-31.803751,"2560061","6481909","0",Desde Canal Gral. 25 de Mayo,,,e:\hidraulica\compuertas-ramos\25 de mayo\canal gral. 25 de mayo\000_0342.gif,,"58","0",,Calle 16,Canal Gral. 25 de M,,
-68.368115,-31.809113,"2559937","6481296","0",Desde Canal Gral. 25 de Mayo,,,e:\hidraulica\compuertas-ramos\25 de mayo\canal gral. 25 de mayo\000_0344.gif,,"58","0",,Calle 16,Canal Gral. 25 de M,,
-68.367927,-31.80952,"2559929","6481269","0",Desde Canal Gral. 25 de Mayo,,,e:\hidraulica\compuertas-ramos\25 de mayo\canal gral. 25 de mayo\000_0345.gif,,"58","0",,Calle 16,Canal Gral. 25 de M,,
-68.2531,-31.73468,"2570870","6489497","0",Ramo Sec. calle 23,Compuerta Nº,,e:\hidraulica\compuertas-ramos\25 de mayo\ramo 23\000_0266.gif,,,"0",,Calle 23,Canal 1ra. Seccion,,
-68.254606,-31.740371,"2570723","6488867","0",Ramo Sec. calle 23,Compuerta Nº,,e:\hidraulica\compuertas-ramos\25 de mayo\ramo 23\000_0267.gif,,,"0",,Calle 23,Canal 1ra. Seccion,,
-68.255817,-31.745987,"2570604","6488245","0",Ramo Sec. calle 23,Compuerta Nº,,e:\hidraulica\compuertas-ramos\25 de mayo\ramo 23\000_0268.gif,,,"0",,Calle 23,Canal 1ra. Seccion,,
-68.249455,-31.747068,"2571206","6488121","0",Ramo Sec. calle 23,Partidor,,e:\hidraulica\compuertas-ramos\25 de mayo\ramo 23\000_0269.gif,,,"0",,Calle 23,Canal 1ra. Seccion,,
-68.242279,-31.748315,"2571885","6487978","0",Ramo Sec. calle 23,Compuerta,,e:\hidraulica\compuertas-ramos\25 de mayo\ramo 23\000_0270.gif,,,"0",,Calle 23,Canal 1ra. Seccion,,
-68.258502,-31.757657,"2570337","6486983","0",Ramo Sec. calle 23,Toma,,e:\hidraulica\compuertas-ramos\25 de mayo\ramo 23\000_0075.gif,,,"0",,Calle 23,Canal 2da. Seccion,Toma desde Canal Segunda Seccion,
-68.261282,-31.768763,"2570069","6485723","0",Ramo Sec. calle 23,Compuerta,,e:\hidraulica\compuertas-ramos\25 de mayo\ramo 23\000_0272.gif,,,"0",,Calle 23,Canal 2da. Seccion,,
-68.260929,-31.709795,"2570123","6492283","0",Ramo Sec. calle 22,Compuerta Nº 1,,e:\hidraulica\compuertas-ramos\25 de mayo\ramo 22\000_0251.gif,,,"0",,Calle 22,Canal 1ra. Seccion,,
-68.263898,-31.720963,"2569857","6491025","0",Ramo Sec. calle 22,Compuerta Nº 2,,e:\hidraulica\compuertas-ramos\25 de mayo\ramo 22\000_0252.gif,,,"0",,Calle 22,Canal 1ra. Seccion,,
-68.26652,-31.732368,"2569600","6489762","0",Ramo Sec. calle 22,Partidor,,e:\hidraulica\compuertas-ramos\25 de mayo\ramo 22\000_0253.gif,,,"0",,Calle 22,Canal 1ra. Seccion,,
-68.267696,-31.737137,"2569485","6489234","0",Ramo Sec. calle 22,Partidor,,e:\hidraulica\compuertas-ramos\25 de mayo\ramo 22\000_0254.gif,,,"0",,Calle 22,Canal 1ra. Seccion,,
-68.269258,-31.743738,"2569332","6488503","0",Ramo Sec. calle 22,Compuerta,,e:\hidraulica\compuertas-ramos\25 de mayo\ramo 22\000_0255.gif,,,"0",,Calle 22,Canal 1ra. Seccion,,
-68.271759,-31.755278,"2569068","6487239","0",Ramo Sec. calle 22,Compuerta,,e:\hidraulica\compuertas-ramos\25 de mayo\ramo 22\000_0256.gif,,,"0",,Calle 22,Canal 2da. Seccion,,
-68.274643,-31.766432,"2568805","6485990","0",Ramo Sec. calle 22,Compuerta,,e:\hidraulica\compuertas-ramos\25 de mayo\ramo 22\000_0257.gif,,,"0",,Calle 22,Canal 2da. Seccion,,
-68.277299,-31.777773,"2568545","6484734","0",Ramo Sec. calle 22,Partidor,,e:\hidraulica\compuertas-ramos\25 de mayo\ramo 22\000_0258.gif,,,"0",,Calle 22,Canal 2da. Seccion,,
-68.279998,-31.789179,"2568281","6483471","0",Ramo Sec. calle 22,,,e:\hidraulica\compuertas-ramos\25 de mayo\ramo 22\000_0258.gif,,,"0",,Calle 22,Canal 2da. Seccion,,
-68.282291,-31.800432,"2568020","6482216","0",Ramo Sec. calle 22,Toma,,e:\hidraulica\compuertas-ramos\25 de mayo\ramo 22\000_0110.gif,,,"0",,Calle 22,Canal 3ra. Seccion,Toma desde Canal Tercera Seccion,
-68.285324,-31.811808,"2567760","6480965","0",Ramo Sec. calle 22,Compuerta Nº,,e:\hidraulica\compuertas-ramos\25 de mayo\ramo 22\000_0260.gif,,,"0",,Calle 22,Canal 3ra. Seccion,,
-68.288006,-31.822988,"2567498","6479727","0",Ramo Sec. calle 22,Partidor,,e:\hidraulica\compuertas-ramos\25 de mayo\ramo 22\000_0261.gif,,,"0",,Calle 22,Canal 3ra. Seccion,,
-68.288057,-31.823177,"2567493","6479706","0",Ramo Sec. calle 22,Partidor,,e:\hidraulica\compuertas-ramos\25 de mayo\ramo 22\000_0262.gif,,,"0",,Calle 22,Canal 3ra. Seccion,,
-68.274626,-31.825338,"2568763","6479458","0",Ramo Sec. calle 22,Partidor,,e:\hidraulica\compuertas-ramos\25 de mayo\ramo 22\000_0263.gif,,,"0",,Calle 22,Canal 3ra. Seccion,,
-68.261953,-31.827781,"2569961","6479179","0",Ramo Sec. calle 22,Fin de ramo,,e:\hidraulica\compuertas-ramos\25 de mayo\ramo 22\000_0264.gif,,,"0",,Calle 22,Canal 3ra. Seccion,,
-68.274362,-31.707385,"2568874","6492552","0",Ramo Sec. calle 21,Compuerta Nº 1,,e:\hidraulica\compuertas-ramos\25 de mayo\ramo 21\000_0233.gif,,,"0",,Calle 21,Canal 1ra. Seccion,Compuerta,
-68.276225,-31.715037,"2568693","6491690","0",Ramo Sec. calle 21,Compuerta Nº 2,,e:\hidraulica\compuertas-ramos\25 de mayo\ramo 21\000_0234.gif,,,"0",,Calle 21,Canal 1ra. Seccion,Compuerta,
-68.277135,-31.718748,"2568604","6491279","0",Ramo Sec. calle 21,Compuerta Nº 3,,e:\hidraulica\compuertas-ramos\25 de mayo\ramo 21\000_0235.gif,,,"0",,Calle 21,Canal 1ra. Seccion,Compuerta,
-68.278697,-31.725458,"2568451","6490536","0",Ramo Sec. calle 21,Compuerta Nº 4,,e:\hidraulica\compuertas-ramos\25 de mayo\ramo 21\000_0236.gif,,,"0",,Calle 21,Canal 1ra. Seccion,Compuerta,
-68.279811,-31.730081,"2568342","6490024","0",Ramo Sec. calle 21,Partidor,,e:\hidraulica\compuertas-ramos\25 de mayo\ramo 21\000_0238.gif,,,"0",,Calle 21,Canal 1ra. Seccion,Partidor Libre,
-68.282467,-31.74145,"2568082","6488765","0",Ramo Sec. calle 21,Compuerta Nº 6,,e:\hidraulica\compuertas-ramos\25 de mayo\ramo 21\000_0239.gif,,,"0",,Calle 21,Canal 1ra. Seccion,,
-68.282267,-31.74144,"2568101","6488766","0",Ramo Sec. calle 21,Partidor,,e:\hidraulica\compuertas-ramos\25 de mayo\ramo 21\000_0240.gif,,,"0",,Calle 21,Canal 1ra. Seccion,Partidor Libre - Fin de ramo,
-68.285366,-31.752848,"2567799","6487503","0",Ramo Sec. calle 21,Partidor,,e:\hidraulica\compuertas-ramos\25 de mayo\ramo 21\000_0081.gif,,,"0",,Calle 21,Canal 2da. Seccion,Inicio de ramo 21 desde canal Segunda Seccion,
-68.285238,-31.752991,"2567811","6487487","0",Ramo Sec. calle 21,Compuerta Nº,,e:\hidraulica\compuertas-ramos\25 de mayo\ramo 21\000_0241.gif,,,"0",,Calle 21,Canal 2da. Seccion,,
-68.287886,-31.764234,"2567552","6486242","0",Ramo Sec. calle 21,Compuerta Nº,,e:\hidraulica\compuertas-ramos\25 de mayo\ramo 21\000_0242.gif,,,"0",,Calle 21,Canal 2da. Seccion,,
-68.290534,-31.775485,"2567293","6484996","0",Ramo Sec. calle 21,Compuerta Nº,,e:\hidraulica\compuertas-ramos\25 de mayo\ramo 21\000_0243.gif,,,"0",,Calle 21,Canal 2da. Seccion,,
-68.293121,-31.78652,"2567040","6483774","0",Ramo Sec. calle 21,Compuerta Nº,,e:\hidraulica\compuertas-ramos\25 de mayo\ramo 21\000_0244.gif,,,"0",,Calle 21,Canal 2da. Seccion,,
-68.293121,-31.786547,"2567040","6483771","0",Ramo Sec. calle 21,Compuerta Nº,,e:\hidraulica\compuertas-ramos\25 de mayo\ramo 21\000_0245.gif,,,"0",,Calle 21,Canal 2da. Seccion,,
-68.293141,-31.786592,"2567038","6483766","0",Ramo Sec. calle 21,Partidor,,e:\hidraulica\compuertas-ramos\25 de mayo\ramo 21\000_0246.gif,,,"0",,Calle 21,Canal 2da. Seccion,,
-68.293162,-31.786619,"2567036","6483763","0",Ramo Sec. calle 21,Compuerta Nº,,e:\hidraulica\compuertas-ramos\25 de mayo\ramo 21\000_0246.gif,,,"0",,Calle 21,Canal 2da. Seccion,,
-68.293141,-31.786637,"2567038","6483761","0",Ramo Sec. calle 21,Compuerta Nº,,e:\hidraulica\compuertas-ramos\25 de mayo\ramo 21\000_0246.gif,,,"0",,Calle 21,Canal 2da. Seccion,,
-68.29316,-31.786935,"2567036","6483728","0",Ramo Sec. calle 21,Compuerta Nº,,e:\hidraulica\compuertas-ramos\25 de mayo\ramo 21\000_0247.gif,,,"0",,Calle 21,Canal 2da. Seccion,,
-68.29316,-31.786926,"2567036","6483729","0",Ramo Sec. calle 21,Compuerta Nº,,e:\hidraulica\compuertas-ramos\25 de mayo\ramo 21\000_0247.gif,,,"0",,Calle 21,Canal 2da. Seccion,,
-68.295883,-31.798204,"2566770","6482480","0",Ramo Sec. calle 21,Partidor,,e:\hidraulica\compuertas-ramos\25 de mayo\ramo 21\000_0249.gif,,,"0",,Calle 21,Canal 3ra. Seccion,,
-68.298564,-31.809546,"2566508","6481224","0",Ramo Sec. calle 21,Partidor,,e:\hidraulica\compuertas-ramos\25 de mayo\ramo 21\000_0250.gif,,,"0",,Calle 21,Canal 3ra. Seccion,Partidor - Fin de ramo,
-68.290759,-31.704378,"2567323","6492881","0",Ramo Sec. calle 20,Compuerta Nº 1,,e:\hidraulica\compuertas-ramos\25 de mayo\ramo 20\000_0202.jpg,,,"0",,Calle 20,Canal 1ra. Seccion,Ubicada en escuela y anulada,
-68.287748,-31.704956,"2567608","6492815","0",Ramo Sec. calle 20,Compuerta Nº 3,,e:\hidraulica\compuertas-ramos\25 de mayo\ramo 20\000_0203.gif,,,"0",,Calle 20,Canal 1ra. Seccion,,
-68.289077,-31.710582,"2567478","6492192","0",Ramo Sec. calle 20,Compuerta Nº 4,,e:\hidraulica\compuertas-ramos\25 de mayo\ramo 20\000_0204.gif,,,"0",,Calle 20,Canal 1ra. Seccion,,
-68.289252,-31.71116,"2567461","6492128","0",Ramo Sec. calle 20,Compuerta Nº 5,,e:\hidraulica\compuertas-ramos\25 de mayo\ramo 20\000_0205.gif,,,"0",,Calle 20,Canal 1ra. Seccion,No figura en plano,
-68.290445,-31.716533,"2567344","6491533","0",Ramo Sec. calle 20,Compuerta Nº 6,,e:\hidraulica\compuertas-ramos\25 de mayo\ramo 20\000_0206.gif,,,"0",,Calle 20,Canal 1ra. Seccion,,
-68.292785,-31.726529,"2567115","6490426","0",Ramo Sec. calle 20,Compuerta Nº 7,,e:\hidraulica\compuertas-ramos\25 de mayo\ramo 20\000_0207.gif,,,"0",,Calle 20,Canal 1ra. Seccion,No figura en plano,
-68.293104,-31.727685,"2567084","6490298","0",Ramo Sec. calle 20,Compuerta Nº 8,,e:\hidraulica\compuertas-ramos\25 de mayo\ramo 20\000_0209.gif,,,"0",,Calle 20,Canal 1ra. Seccion,,
-68.295823,-31.739162,"2566818","6489027","0",Ramo Sec. calle 20,Compuerta Nº 9,,e:\hidraulica\compuertas-ramos\25 de mayo\ramo 20\000_0210.gif,,,"0",,Calle 20,Canal 1ra. Seccion,Fin ramo,
-68.298512,-31.750603,"2566555","6487760","0",Ramo Sec. calle 20,Compuerta Nº 10,,e:\hidraulica\compuertas-ramos\25 de mayo\ramo 20\000_0084.gif,,,"0",,Calle 20,Canal 2da. Seccion,Inicio Ramo Canal Segunda Seccion,
-68.299237,-31.753908,"2566484","6487394","0",Ramo Sec. calle 20,Compuerta Nº 11,,e:\hidraulica\compuertas-ramos\25 de mayo\ramo 20\000_0212.gif,,,"0",,Calle 20,Canal 2da. Seccion,,
-68.301213,-31.761999,"2566291","6486498","0",Ramo Sec. calle 20,Compuerta Nº 12,,e:\hidraulica\compuertas-ramos\25 de mayo\ramo 20\000_0213.gif,,,"0",,Calle 20,Canal 2da. Seccion,,
-68.302545,-31.767372,"2566161","6485903","0",Ramo Sec. calle 20,Compuerta Nº 13,,e:\hidraulica\compuertas-ramos\25 de mayo\ramo 20\000_0214.gif,,,"0",,Calle 20,Canal 2da. Seccion,No figura en plano,
-68.3038,-31.773205,"2566038","6485257","0",Ramo Sec. calle 20,Compuerta Nº 14,,e:\hidraulica\compuertas-ramos\25 de mayo\ramo 20\000_0215.gif,,,"0",,Calle 20,Canal 2da. Seccion,,
-68.306491,-31.784591,"2565775","6483996","0",Ramo Sec. calle 20,Compuerta Nº 15,,e:\hidraulica\compuertas-ramos\25 de mayo\ramo 20\000_0216.gif,,,"0",,Calle 20,Canal 2da. Seccion,Fin ramo,
-68.309249,-31.796068,"2565502","6482724","0",Ramo Sec. calle 20,Compuerta Nº 17,,e:\hidraulica\compuertas-ramos\25 de mayo\ramo 20\000_0219.gif,,,"0",,Calle 20,Canal 3ra. Seccion,,
-68.31055,-31.800963,"2565379","6482183","0",Ramo Sec. calle 20,Compuerta Nº 18,,e:\hidraulica\compuertas-ramos\25 de mayo\ramo 20\000_0220.gif,,,"0",,Calle 20,Canal 3ra. Seccion,,
-68.31196,-31.807401,"2565241","6481470","0",Ramo Sec. calle 20,Compuerta Nº 19,,e:\hidraulica\compuertas-ramos\25 de mayo\ramo 20\000_0221.gif,,,"0",,Calle 20,Canal 3ra. Seccion,,
-68.314591,-31.81867,"2564984","6480222","0",Ramo Sec. calle 20,Compuerta Nº 20,,e:\hidraulica\compuertas-ramos\25 de mayo\ramo 20\000_0222.gif,,,"0",,Calle 20,Canal 3ra. Seccion,,
-68.316264,-31.825226,"2564821","6479496","0",Ramo Sec. calle 20,Compuerta Nº 21,,e:\hidraulica\compuertas-ramos\25 de mayo\ramo 20\000_0223.gif,,,"0",,Calle 20,Canal 3ra. Seccion,,
-68.317295,-31.830029,"2564720","6478964","0",Ramo Sec. calle 20,Compuerta Nº 22,,e:\hidraulica\compuertas-ramos\25 de mayo\ramo 20\000_0224.gif,,,"0",,Calle 20,Canal 3ra. Seccion,,
-68.319947,-31.84146,"2564461","6477698","0",Ramo Sec. calle 20,Compuerta Nº 23,,e:\hidraulica\compuertas-ramos\25 de mayo\ramo 20\000_0225.gif,,,"0",,Calle 20,Canal 3ra. Seccion,,
-68.319947,-31.841469,"2564461","6477697","0",Ramo Sec. calle 20,Compuerta Nº 24,,e:\hidraulica\compuertas-ramos\25 de mayo\ramo 20\000_0232.gif,,,"0",,Calle 20,Canal 3ra. Seccion,Fin ramo,
-68.301145,-31.704256,"2566425","6493053","0",Ramo Sec. calle 19,,,e:\hidraulica\compuertas-ramos\25 de mayo\ramo 19\000_0178.gif,,,"0",,Calle 19,Canal 1ra. Seccion,,
-68.303072,-31.719515,"2566145","6491210","0",Ramo Sec. calle 19,,,e:\hidraulica\compuertas-ramos\25 de mayo\ramo 19\000_0179.gif,,,"0",,Calle 19,Canal 1ra. Seccion,,
-68.305728,-31.725653,"2565889","6490531","0",Ramo Sec. calle 19,,,e:\hidraulica\compuertas-ramos\25 de mayo\ramo 19\000_0180.gif,,,"0",,Calle 19,Canal 1ra. Seccion,,
-68.308682,-31.736951,"2565601","6489280","0",Ramo Sec. calle 19,,,e:\hidraulica\compuertas-ramos\25 de mayo\ramo 19\000_0182.gif,,,"0",,Calle 19,Canal 1ra. Seccion,,
-68.308682,-31.736978,"2565601","6489277","0",Ramo Sec. calle 19,,,e:\hidraulica\compuertas-ramos\25 de mayo\ramo 19\000_0183.gif,,,"0",,Calle 19,Canal 1ra. Seccion,,
-68.308703,-31.736996,"2565599","6489275","0",Ramo Sec. calle 19,,,e:\hidraulica\compuertas-ramos\25 de mayo\ramo 19\000_0184.gif,,,"0",,Calle 19,Canal 1ra. Seccion,,
-68.308703,-31.73696,"2565599","6489279","0",Ramo Sec. calle 19,,,e:\hidraulica\compuertas-ramos\25 de mayo\ramo 19\000_0185.gif,,,"0",,Calle 19,Canal 1ra. Seccion,,
-68.311423,-31.748604,"2565454","6487979","0",Ramo Sec. calle 19,,,e:\hidraulica\compuertas-ramos\25 de mayo\ramo 19\000_0186.gif,,,"0",,Calle 19,Canal 2da. Seccion,,
-68.311456,-31.748847,"2565452","6487967","0",Ramo Sec. calle 19,,,e:\hidraulica\compuertas-ramos\25 de mayo\ramo 19\000_0188.gif,,,"0",,Calle 19,Canal 2da. Seccion,,
-68.312734,-31.759906,"2565201","6486737","0",Ramo Sec. calle 19,,,e:\hidraulica\compuertas-ramos\25 de mayo\ramo 19\000_0189.gif,,,"0",,Calle 19,Canal 2da. Seccion,,
-68.31717,-31.770986,"2564773","6485511","0",Ramo Sec. calle 19,,,e:\hidraulica\compuertas-ramos\25 de mayo\ramo 19\000_0191.gif,,,"0",,Calle 19,Canal 2da. Seccion,,
-68.319451,-31.782325,"2564549","6484255","0",Ramo Sec. calle 19,,,e:\hidraulica\compuertas-ramos\25 de mayo\ramo 19\000_0192.gif,,,"0",,Calle 19,Canal 2da. Seccion,,
-68.319472,-31.782362,"2564547","6484251","0",Ramo Sec. calle 19,,,e:\hidraulica\compuertas-ramos\25 de mayo\ramo 19\000_0193.gif,,,"0",,Calle 19,Canal 2da. Seccion,,
-68.322502,-31.793663,"2564260","6483001","0",Ramo Sec. calle 19,,,e:\hidraulica\compuertas-ramos\25 de mayo\ramo 19\000_0194.gif,,,"0",,Calle 19,Canal 3ra. Seccion,,
-68.325083,-31.80491,"2564000","6481754","0",Ramo Sec. calle 19,,,e:\hidraulica\compuertas-ramos\25 de mayo\ramo 19\000_0195.gif,,,"0",,Calle 19,Canal 3ra. Seccion,,
-68.330526,-31.827745,"2563469","6479225","0",Ramo Sec. calle 19,,,e:\hidraulica\compuertas-ramos\25 de mayo\ramo 19\000_0196.gif,,,"0",,Calle 19,Canal 3ra. Seccion,,
-68.331941,-31.833642,"2563331","6478572","0",Ramo Sec. calle 19,,,e:\hidraulica\compuertas-ramos\25 de mayo\ramo 19\000_0197.gif,,,"0",,Calle 19,Canal 3ra. Seccion,,
-68.33317,-31.839032,"2563211","6477975","0",Ramo Sec. calle 19,,,e:\hidraulica\compuertas-ramos\25 de mayo\ramo 19\000_0198.gif,,,"0",,Calle 19,Canal 3ra. Seccion,,
-68.335804,-31.850418,"2562954","6476714","0",Ramo Sec. calle 19,,,e:\hidraulica\compuertas-ramos\25 de mayo\ramo 19\000_0200.gif,,,"0",,Calle 19,Canal 3ra. Seccion,,
-68.314352,-31.700683,"2565089","6493305","0",Ramo Sec. calle 18,,,e:\hidraulica\compuertas-ramos\25 de mayo\ramo 18\000_0132.gif,,,"0",,Calle 18,Canal 1ra. Seccion,,
-68.316981,-31.711898,"2564832","6492063","0",Ramo Sec. calle 18,,,e:\hidraulica\compuertas-ramos\25 de mayo\ramo 18\000_0133.jpg,,,"0",,Calle 18,Canal 1ra. Seccion,,
-68.319684,-31.723185,"2564568","6490813","0",Ramo Sec. calle 18,,,e:\hidraulica\compuertas-ramos\25 de mayo\ramo 18\000_0134.jpg,,,"0",,Calle 18,Canal 1ra. Seccion,,
-68.321044,-31.729009,"2564435","6490168","0",Ramo Sec. calle 18,,,e:\hidraulica\compuertas-ramos\25 de mayo\ramo 18\000_0135.jpg,,,"0",,Calle 18,Canal 1ra. Seccion,,
-68.322418,-31.734572,"2564301","6489552","0",Ramo Sec. calle 18,,,e:\hidraulica\compuertas-ramos\25 de mayo\ramo 18\000_0136.jpg,,,"0",,Calle 18,Canal 1ra. Seccion,,
-68.323735,-31.740603,"2564172","6488884","0",Ramo Sec. calle 18,,,e:\hidraulica\compuertas-ramos\25 de mayo\ramo 18\000_0138.jpg,,,"0",,Calle 18,Canal 1ra. Seccion,,
-68.323767,-31.74063,"2564169","6488881","0",Ramo Sec. calle 18,,,e:\hidraulica\compuertas-ramos\25 de mayo\ramo 18\000_0139.jpg,,,"0",,Calle 18,Canal 1ra. Seccion,,
-68.3251,-31.745985,"2564039","6488288","0",Ramo Sec. calle 18,,,e:\hidraulica\compuertas-ramos\25 de mayo\ramo 18\000_0090.jpg,,,"0",,Calle 18,Canal 2da. Seccion,,
-68.327782,-31.757416,"2563777","6487022","0",Ramo Sec. calle 18,,,e:\hidraulica\compuertas-ramos\25 de mayo\ramo 18\000_0140.jpg,,,"0",,Calle 18,Canal 2da. Seccion,,
-68.329554,-31.764911,"2563604","6486192","0",Ramo Sec. calle 18,,,e:\hidraulica\compuertas-ramos\25 de mayo\ramo 18\000_0141.jpg,,,"0",,Calle 18,Canal 2da. Seccion,,
-68.330403,-31.768667,"2563521","6485776","0",Ramo Sec. calle 18,,,e:\hidraulica\compuertas-ramos\25 de mayo\ramo 18\000_0143.jpg,,,"0",,Calle 18,Canal 2da. Seccion,,
-68.33314,-31.780053,"2563254","6484515","0",Ramo Sec. calle 18,,,e:\hidraulica\compuertas-ramos\25 de mayo\ramo 18\000_0144.jpg,,,"0",,Calle 18,Canal 2da. Seccion,,
-68.335824,-31.791394,"2563003","6483259","0",Ramo Sec. calle 18,,,e:\hidraulica\compuertas-ramos\25 de mayo\ramo 18\000_0145.jpg,,,"0",,Calle 18,Canal 3ra. Seccion,,
-68.338457,-31.802744,"2562735","6482002","0",Ramo Sec. calle 18,,,e:\hidraulica\compuertas-ramos\25 de mayo\ramo 18\000_0149.jpg,,,"0",,Calle 18,Canal 3ra. Seccion,,
-68.341133,-31.814093,"2562474","6480745","0",Ramo Sec. calle 18,,,e:\hidraulica\compuertas-ramos\25 de mayo\ramo 18\000_0150.jpg,,,"0",,Calle 18,Canal 3ra. Seccion,,
-68.327456,-31.698078,"2563836","6493594","0",Ramo Sec. calle 17,Compuerta Nº 1,,e:\hidraulica\compuertas-ramos\25 de mayo\ramo 17\000_0111.gif,,,"0",,Calle 17,Canal 1ra. Seccion,Con torno,
-68.328898,-31.703655,"2563708","6492984","0",Ramo Sec. calle 17,Compuerta Nº 2,,e:\hidraulica\compuertas-ramos\25 de mayo\ramo 17\000_0112.gif,,,"0",,Calle 17,Canal 1ra. Seccion,Con torno,
-68.330311,-31.709543,"2563570","6492332","0",Ramo Sec. calle 17,Compuerta Nº 3,,e:\hidraulica\compuertas-ramos\25 de mayo\ramo 17\000_0113.gif,,,"0",,Calle 17,Canal 1ra. Seccion,Con torno,
-68.331869,-31.715972,"2563418","6491620","0",Ramo Sec. calle 17,Compuerta Nº 4,,e:\hidraulica\compuertas-ramos\25 de mayo\ramo 17\000_0114.gif,,,"0",,Calle 17,Canal 1ra. Seccion,Con torno,
-68.332973,-31.720929,"2563310","6491071","0",Ramo Sec. calle 17,Compuerta Nº 5,,e:\hidraulica\compuertas-ramos\25 de mayo\ramo 17\000_0115.gif,,,"0",,Calle 17,Canal 1ra. Seccion,Con torno,
-68.332994,-31.720938,"2563308","6491070","0",Ramo Sec. calle 17,Compuerta Nº 5,,e:\hidraulica\compuertas-ramos\25 de mayo\ramo 17\000_0116.gif,,,"0",,Calle 17,Canal 1ra. Seccion,,
-68.334213,-31.726066,"2563189","6490502","0",Ramo Sec. calle 17,,,e:\hidraulica\compuertas-ramos\25 de mayo\ramo 17\000_0117.gif,,,"0",,Calle 17,Canal 1ra. Seccion,,
-68.334212,-31.726075,"2563189","6490501","0",Ramo Sec. calle 17,,,e:\hidraulica\compuertas-ramos\25 de mayo\ramo 17\000_0118.gif,,,"0",,Calle 17,Canal 1ra. Seccion,,
-68.335698,-31.732351,"2563044","6489806","0",Ramo Sec. calle 17,,,e:\hidraulica\compuertas-ramos\25 de mayo\ramo 17\000_0119.gif,,,"0",,Calle 17,Canal 1ra. Seccion,,
-68.335708,-31.732378,"2563043","6489803","0",Ramo Sec. calle 17,,,e:\hidraulica\compuertas-ramos\25 de mayo\ramo 17\000_0120.gif,,,"0",,Calle 17,Canal 1ra. Seccion,,
-68.338371,-31.74371,"2562783","6488548","0",Ramo Sec. calle 17,,,e:\hidraulica\compuertas-ramos\25 de mayo\ramo 17\000_0092.gif,,,"0",,Calle 17,Canal 2da. Seccion,,
-68.338463,-31.744071,"2562774","6488508","0",Ramo Sec. calle 17,,,e:\hidraulica\compuertas-ramos\25 de mayo\ramo 17\000_0121.gif,,,"0",,Calle 17,Canal 2da. Seccion,,
-68.340971,-31.755032,"2562529","6487294","0",Ramo Sec. calle 17,,,e:\hidraulica\compuertas-ramos\25 de mayo\ramo 17\000_0122.gif,,,"0",,Calle 17,Canal 2da. Seccion,,
-68.343709,-31.766427,"2562262","6486032","0",Ramo Sec. calle 17,,,e:\hidraulica\compuertas-ramos\25 de mayo\ramo 17\000_0123.gif,,,"0",,Calle 17,Canal 2da. Seccion,,
-68.346395,-31.777768,"2562000","6484776","0",Ramo Sec. calle 17,,,e:\hidraulica\compuertas-ramos\25 de mayo\ramo 17\000_0124.gif,,,"0",,Calle 17,Canal 2da. Seccion,,
-68.346447,-31.777813,"2561995","6484771","0",Ramo Sec. calle 17,,,e:\hidraulica\compuertas-ramos\25 de mayo\ramo 17\000_0125.gif,,,"0",,Calle 17,Canal 2da. Seccion,,
-68.349036,-31.789139,"2561754","6483520","0",Ramo Sec. calle 17,,,e:\hidraulica\compuertas-ramos\25 de mayo\ramo 17\000_0126.gif,,,"0",,Calle 17,Canal 3ra. Seccion,,
-68.351769,-31.800404,"2561476","6482269","0",Ramo Sec. calle 17,,,e:\hidraulica\compuertas-ramos\25 de mayo\ramo 17\000_0127.gif,,,"0",,Calle 17,Canal 3ra. Seccion,,
-68.353917,-31.811913,"2561265","6480994","0",Ramo Sec. calle 17,,,e:\hidraulica\compuertas-ramos\25 de mayo\ramo 17\000_0128.gif,,,"0",,Calle 17,Canal 3ra. Seccion,,
-68.357081,-31.823175,"2560958","6479747","0",Ramo Sec. calle 17,,,e:\hidraulica\compuertas-ramos\25 de mayo\ramo 17\000_0129.gif,,,"0",,Calle 17,Canal 3ra. Seccion,,
-68.358549,-31.829333,"2560815","6479065","0",Ramo Sec. calle 17,,,e:\hidraulica\compuertas-ramos\25 de mayo\ramo 17\000_0130.gif,,,"0",,Calle 17,Canal 3ra. Seccion,,
-68.359791,-31.834542,"2560694","6478488","0",Ramo Sec. calle 17,,,e:\hidraulica\compuertas-ramos\25 de mayo\ramo 17\000_0131.gif,,,"0",,Calle 17,Canal 3ra. Seccion,,
-68.361371,-31.841242,"2560540","6477746","0",Ramo Sec. calle 17,,,,,,"0",,Calle 17,Canal 3ra. Seccion,,
-68.37069,-31.820862,"2559671","6480011","0",Ramo Sec. calle 16,,,,,,"0",,Calle 16,,,
-68.372036,-31.826478,"2559540","6479389","0",Ramo Sec. calle 16,,,,,,"0",,Calle 16,,,
-68.373316,-31.831944,"2559405","6478749","0",Ramo Sec. calle 16,,,,,,"0",,Calle 16,,,
-68.373358,-31.831944,"2559401","6478749","0",Ramo Sec. calle 16,,,,,,"0",,Calle 16,,,
-68.36798,-31.809819,"0","0","0",Ramo Sec. calle 16,,,,,,"0",,Calle 16,,,
